Country Name,Country Code,Year,Control of Corruption: Percentile Rank,Government Effectiveness: Percentile Rank,Political Stability and Absence of Violence/Terrorism: Percentile Rank,Regulatory Quality: Percentile Rank,Rule of Law: Percentile Rank,Voice and Accountability: Percentile Rank
Afghanistan,AFG,2003,4.761904716,9.729729652,2.010050297,4.864864826,2.98507452,14.42786026
Afghanistan,AFG,2004,6.403940678,16.91542244,1.941747546,5.97014904,2.403846264,15.38461494
Afghanistan,AFG,2005,1.463414669,9.313725471,2.427184582,2.941176414,2.392344475,14.90384579
Afghanistan,AFG,2006,1.951219559,4.390244007,1.449275374,2.941176414,0.478468895,17.78846169
Afghanistan,AFG,2007,0.970873773,4.368932247,1.449275374,2.91262126,0.478468895,18.75
Afghanistan,AFG,2008,0.485436887,3.398058176,0.480769217,3.398058176,0.480769217,14.42307663
Afghanistan,AFG,2009,0.95693779,2.87081337,0.473933637,3.349282265,0.473933637,9.478672981
Afghanistan,AFG,2010,0.952380955,3.82775116,1.421800971,5.74162674,0.473933637,9.952606201
Afghanistan,AFG,2011,0.473933637,4.739336491,1.421800971,4.265402794,0.469483554,11.26760578
Afghanistan,AFG,2012,1.421800971,5.687203884,1.895734549,10.42654037,1.408450723,14.08450699
Afghanistan,AFG,2013,0.947867274,6.161137581,1.421800971,10.42654037,1.877934217,14.55399036
Afghanistan,AFG,2014,5.288461685,7.211538315,2.857142925,11.05769253,4.326922894,16.25615692
Afghanistan,AFG,2015,5.714285851,6.666666508,0.952380955,13.80952358,4.285714149,18.71921158
Afghanistan,AFG,2016,3.809523821,7.619047642,0.952380955,7.142857075,5.714285851,20.6896553
Afghanistan,AFG,2017,3.809523821,7.142857075,0.476190478,7.142857075,5.238095284,22.1674881
Afghanistan,AFG,2018,4.761904716,7.142857075,0.471698105,10.47619057,4.285714149,20.38834953
Afghanistan,AFG,2019,5.714285851,6.666666508,0.943396211,10.47619057,4.285714149,21.25603867
Afghanistan,AFG,2020,4.761904716,5.238095284,0.471698105,8.095237732,2.380952358,19.8067627
Afghanistan,AFG,2021,12.38095284,5.238095284,1.415094376,8.095237732,1.90476191,7.246376991
Afghanistan,AFG,2022,12.26415062,1.886792421,0.471698105,8.962264061,5.188679218,2.415458918
Austria,AUT,2003,94.708992,97.29729462,80.40200806,91.89189148,96.51741028,91.54228973
Austria,AUT,2004,97.04433441,93.03482819,84.95145416,91.54228973,96.15384674,92.78845978
Austria,AUT,2005,95.12194824,92.64705658,86.40776825,95.09803772,97.60765839,90.38461304
Austria,AUT,2006,94.63414764,96.0975647,86.47342682,96.07843018,98.56459045,93.75
Austria,AUT,2007,96.11650848,96.60194397,96.13526917,96.11650848,99.52153015,94.71154022
Austria,AUT,2008,93.68932343,94.6601944,98.55769348,94.17475891,98.55769348,94.2307663
Austria,AUT,2009,92.82296753,93.77990723,90.99526215,92.34449768,96.20853424,94.78672791
Austria,AUT,2010,91.90476227,97.12918854,89.09952545,92.34449768,96.6824646,95.26066589
Austria,AUT,2011,89.57346344,92.89099884,91.4691925,90.52132416,96.71361542,94.8356781
Austria,AUT,2012,89.57346344,92.89099884,96.20853424,91.4691925,97.65258026,95.30516052
Austria,AUT,2013,90.52132416,92.89099884,96.20853424,91.4691925,97.65258026,95.77465057
Austria,AUT,2014,90.86538696,91.34615326,95.23809814,91.34615326,96.63461304,94.58128357
Austria,AUT,2015,90.47618866,89.04762268,90,91.42857361,96.19047546,94.08866882
Austria,AUT,2016,90.95237732,90.95237732,77.14286041,91.42857361,95.7142868,93.59606171
Austria,AUT,2017,90.47618866,90.95237732,85.23809814,90.95237732,97.14286041,95.07389069
Austria,AUT,2018,90.95237732,90.95237732,77.35848999,91.42857361,98.57142639,94.6601944
Austria,AUT,2019,90.47618866,91.42857361,77.35848999,91.42857361,98.57142639,94.68598938
Austria,AUT,2020,90.95237732,93.80952454,76.88679504,90.95237732,97.14286041,95.6521759
Austria,AUT,2021,85.7142868,93.80952454,79.24528503,87.14286041,97.14286041,94.68598938
Austria,AUT,2022,84.90566254,91.50943756,68.86792755,87.26415253,95.75471497,94.20289612
Azerbaijan,AZE,2003,10.58201027,18.91891861,21.10552788,30.27026939,22.38805962,20.39801025
Azerbaijan,AZE,2004,10.34482765,17.91044807,16.9902916,27.86069679,19.71153831,18.75
Azerbaijan,AZE,2005,15.60975647,26.96078491,16.9902916,29.90196037,26.79425812,15.38461494
Azerbaijan,AZE,2006,12.68292713,30.24390221,16.42512131,32.84313583,21.53110123,10.57692337
Azerbaijan,AZE,2007,11.1650486,22.3300972,25.60386467,34.46601868,21.53110123,12.01923084
Azerbaijan,AZE,2008,10.67961121,23.30097008,32.69230652,41.74757385,22.11538506,11.05769253
Azerbaijan,AZE,2009,9.090909004,30.14354134,35.54502487,41.62679291,20.37914658,13.27014256
Azerbaijan,AZE,2010,6.666666508,24.4019146,36.4928894,38.2775116,21.32701492,12.79620838
Azerbaijan,AZE,2011,9.478672981,24.64455032,29.85782051,37.44075775,17.8403759,12.67605591
Azerbaijan,AZE,2012,11.84834099,24.64455032,23.22274971,33.175354,21.59624481,12.20657253
Azerbaijan,AZE,2013,16.587677,38.86256027,33.64928818,36.4928894,26.29108047,9.389671326
Azerbaijan,AZE,2014,14.90384579,42.78845978,26.19047546,43.75,28.36538506,7.38916254
Azerbaijan,AZE,2015,16.66666603,45.23809433,21.90476227,40,28.09523773,6.896551609
Azerbaijan,AZE,2016,19.52380943,46.66666794,18.09523773,39.04761887,31.90476227,6.403940678
Azerbaijan,AZE,2017,17.61904716,46.66666794,19.52380943,38.09523773,31.4285717,6.896551609
Azerbaijan,AZE,2018,21.4285717,47.61904907,20.75471687,39.52381134,28.5714283,7.281553268
Azerbaijan,AZE,2019,22.8571434,46.19047546,22.64151001,44.2857132,28.09523773,7.246376991
Azerbaijan,AZE,2020,15.23809528,47.61904907,17.45282936,39.04761887,24.2857151,5.797101498
Azerbaijan,AZE,2021,21.4285717,58.57143021,18.39622688,50.47618866,30,7.729468822
Azerbaijan,AZE,2022,16.98113251,50.94339752,15.56603813,48.11320877,25.94339561,9.66183567
Bangladesh,BGD,2003,0.529100537,23.24324417,16.58291435,16.75675583,14.42786026,31.84079552
Bangladesh,BGD,2004,0.985221684,18.40796089,10.19417477,12.4378109,14.90384579,27.88461494
Bangladesh,BGD,2005,2.926829338,18.62745094,4.368932247,15.1960783,17.70335007,30.28846169
Bangladesh,BGD,2006,2.926829338,22.43902397,8.695652008,17.15686226,20.57416344,32.21154022
Bangladesh,BGD,2007,13.5922327,26.69902992,9.178744316,18.44660187,23.44497681,31.25
Bangladesh,BGD,2008,15.04854393,25.72815514,9.615385056,18.93203926,25.48077011,33.17307663
Bangladesh,BGD,2009,14.83253574,23.44497681,9.004739761,22.00956917,26.06635094,38.3886261
Bangladesh,BGD,2010,14.76190472,25.83732033,9.952606201,20.57416344,26.06635094,36.96682358
Bangladesh,BGD,2011,13.74407578,25.11848259,9.004739761,22.74881554,28.16901398,36.15023422
Bangladesh,BGD,2012,20.85308075,23.69668198,9.004739761,18.48341179,18.77934265,34.74178314
Bangladesh,BGD,2013,21.32701492,23.69668198,7.582938194,20.37914658,20.65727615,34.74178314
Bangladesh,BGD,2014,18.75,21.63461494,16.66666603,16.82692337,24.03846169,32.01970291
Bangladesh,BGD,2015,21.90476227,23.80952454,10,17.1428566,25.23809433,30.54187202
Bangladesh,BGD,2016,18.5714283,26.19047546,10.95238113,21.90476227,27.61904716,30.54187202
Bangladesh,BGD,2017,18.5714283,22.8571434,10.47619057,20,27.61904716,30.04926109
Bangladesh,BGD,2018,17.1428566,22.38095284,14.15094376,17.61904716,27.61904716,27.18446541
Bangladesh,BGD,2019,16.19047546,24.76190567,15.56603813,15.23809528,27.1428566,26.57004738
Bangladesh,BGD,2020,17.1428566,20.47619057,15.56603813,15.23809528,31.4285717,26.57004738
Bangladesh,BGD,2021,18.09523773,27.61904716,14.15094376,20.47619057,28.5714283,28.01932335
Bangladesh,BGD,2022,15.56603813,23.11320686,13.20754719,17.92452812,29.71698189,28.01932335
Belgium,BEL,2003,89.41799164,95.67567444,74.37185669,87.02702332,89.05472565,95.52238464
Belgium,BEL,2004,90.14778137,93.532341,71.8446579,88.05970001,88.94230652,90.86538696
Belgium,BEL,2005,90.24390411,93.13725281,70.38835144,87.2549057,88.51674652,91.34615326
Belgium,BEL,2006,88.78048706,94.14633942,73.91304016,88.72548676,88.99521637,92.78845978
Belgium,BEL,2007,90.29125977,91.74757385,72.46376801,91.26213837,88.99521637,93.75
Belgium,BEL,2008,90.77669525,87.86407471,67.78845978,91.74757385,89.42308044,92.78845978
Belgium,BEL,2009,90.90908813,92.34449768,75.35545349,87.55980682,88.62559509,93.3649292
Belgium,BEL,2010,90,93.30143738,74.40758514,85.64593506,90.0473938,94.31279755
Belgium,BEL,2011,90.52132416,94.78672791,78.1990509,86.7298584,90.14084625,92.95774841
Belgium,BEL,2012,91.4691925,94.78672791,76.30331421,86.7298584,90.14084625,92.95774841
Belgium,BEL,2013,90.99526215,94.78672791,77.72512054,87.67772675,90.14084625,92.95774841
Belgium,BEL,2014,91.34615326,90.86538696,69.52381134,84.13461304,88.94230652,94.08866882
Belgium,BEL,2015,90.95237732,91.42857361,64.2857132,88.57142639,88.09523773,94.58128357
Belgium,BEL,2016,91.90476227,89.52381134,61.42856979,88.57142639,88.57142639,95.56650543
Belgium,BEL,2017,89.52381134,85.7142868,62.38095093,86.66666412,87.61904907,93.10344696
Belgium,BEL,2018,89.52381134,86.19047546,59.43396378,86.66666412,87.61904907,92.71844482
Belgium,BEL,2019,89.52381134,82.85713959,60.84905624,87.61904907,87.61904907,93.71981049
Belgium,BEL,2020,90,84.2857132,64.15093994,89.04762268,87.61904907,90.82125854
Belgium,BEL,2021,89.52381134,83.33333588,67.45282745,86.66666412,87.61904907,90.33816528
Belgium,BEL,2022,89.62264252,84.90566254,65.56604004,86.79244995,88.20755005,92.75362396
Croatia,HRV,2003,63.49206161,62.70270157,64.3216095,65.94594574,51.24378204,66.66666412
Croatia,HRV,2004,61.08374405,67.66168976,70.38835144,67.16417694,54.80769348,69.2307663
Croatia,HRV,2005,58.53658676,67.64705658,59.22330093,64.70587921,55.02392197,63.46154022
Croatia,HRV,2006,58.04878235,69.26829529,63.768116,62.25490189,52.1531105,60.57692337
Croatia,HRV,2007,58.25242615,67.96116638,67.14975739,64.56311035,54.54545593,62.98077011
Croatia,HRV,2008,56.31068039,70.87378693,66.34615326,64.07766724,55.76922989,60.57692337
Croatia,HRV,2009,55.98086166,69.85646057,68.2464447,65.07176971,55.45023727,61.13743973
Croatia,HRV,2010,58.57143021,69.37799072,66.824646,66.50717926,56.87203979,61.6113739
Croatia,HRV,2011,58.2938385,68.72038269,68.2464447,64.9289093,58.21596146,64.31925201
Croatia,HRV,2012,58.2938385,71.5639801,65.40284729,63.03317642,59.15493011,64.78873444
Croatia,HRV,2013,61.13743973,71.09004974,66.35070801,63.98104095,58.21596146,64.31925201
Croatia,HRV,2014,62.01922989,73.07691956,67.14286041,62.5,63.46154022,64.03940582
Croatia,HRV,2015,60.95238113,70,64.76190186,61.90476227,60.47618866,65.51724243
Croatia,HRV,2016,60.95238113,68.09523773,67.61904907,63.33333206,62.38095093,65.02462769
Croatia,HRV,2017,56.66666794,70.95237732,70.47618866,64.76190186,61.42856979,61.57635498
Croatia,HRV,2018,57.1428566,70.95237732,71.69811249,69.04762268,61.90476227,60.67961121
Croatia,HRV,2019,58.09523773,69.04762268,70.28302002,71.90476227,61.90476227,60.38647461
Croatia,HRV,2020,59.52381134,68.09523773,66.50943756,63.33333206,59.04761887,64.73429871
Croatia,HRV,2021,56.66666794,69.52381134,66.03773499,68.09523773,58.57143021,64.73429871
Croatia,HRV,2022,59.90565872,70.28302002,66.98113251,68.39622498,61.320755,66.18357849
Denmark,DNK,2003,99.47090149,99.4594574,93.96984863,97.83783722,99.50248718,99.50248718
Denmark,DNK,2004,99.50739288,100,83.98058319,97.0149231,99.03845978,100
Denmark,DNK,2005,99.02439117,99.50980377,85.43688965,98.03921509,99.0430603,100
Denmark,DNK,2006,100,99.51219177,85.02415466,98.52941132,100,100
Denmark,DNK,2007,100,99.51456451,91.30434418,99.51456451,100,97.11538696
Denmark,DNK,2008,100,99.51456451,86.05769348,99.02912903,99.5192337,99.03845978
Denmark,DNK,2009,100,99.52153015,85.30805969,100,98.57820129,97.63033295
Denmark,DNK,2010,100,99.0430603,86.25592041,99.52153015,99.05213165,97.63033295
Denmark,DNK,2011,100,99.05213165,87.20378876,99.52606964,99.53051758,97.18309784
Denmark,DNK,2012,100,99.05213165,75.82938385,97.63033295,98.12206268,99.06103516
Denmark,DNK,2013,100,99.05213165,80.0947876,97.63033295,98.59155273,99.53051758
Denmark,DNK,2014,100,96.15384674,78.57142639,93.75,99.5192337,97.04433441
Denmark,DNK,2015,98.57142639,96.66666412,76.66666412,94.76190186,99.52381134,97.53694916
Denmark,DNK,2016,99.52381134,98.09523773,75.23809814,92.38095093,97.61904907,99.01477814
Denmark,DNK,2017,99.04762268,95.7142868,75.23809814,92.38095093,97.61904907,97.04433441
Denmark,DNK,2018,99.52381134,96.66666412,79.71697998,93.80952454,96.66666412,97.57281494
Denmark,DNK,2019,99.52381134,98.57142639,81.13207245,92.38095093,97.14286041,98.55072784
Denmark,DNK,2020,100,97.61904907,78.30188751,97.61904907,98.09523773,97.58454132
Denmark,DNK,2021,100,98.57142639,80.18868256,97.61904907,99.04762268,98.55072784
Denmark,DNK,2022,100,98.58490753,77.35848999,98.58490753,99.52830505,98.06763458
Estonia,EST,2003,80.95237732,80,77.38693237,84.86486816,71.14427948,82.58706665
Estonia,EST,2004,82.75862122,80.09950256,71.35922241,86.56716156,76.92308044,83.65384674
Estonia,EST,2005,80.97560883,78.4313736,65.53398132,85.78431702,80.38277435,80.7692337
Estonia,EST,2006,81.46341705,83.9024353,69.0821228,88.23529053,87.55980682,84.61538696
Estonia,EST,2007,78.64077759,82.03883362,68.59903717,87.37863922,85.64593506,84.13461304
Estonia,EST,2008,80.09708405,84.46601868,65.86538696,89.32038879,85.57691956,85.57691956
Estonia,EST,2009,80.38277435,78.94736481,64.45497894,89.47368622,84.36019135,83.88625336
Estonia,EST,2010,80.47618866,82.29665375,67.77251434,88.51674652,85.30805969,83.412323
Estonia,EST,2011,80.56871796,81.5165863,67.29857635,90.99526215,85.9154892,87.32394409
Estonia,EST,2012,81.5165863,77.25118256,67.29857635,90.99526215,85.9154892,85.9154892
Estonia,EST,2013,82.93838501,77.72512054,68.2464447,90.99526215,86.38497925,85.9154892
Estonia,EST,2014,87.9807663,80.28845978,72.85713959,93.2692337,87.0192337,88.17733765
Estonia,EST,2015,88.57142639,81.90476227,65.23809814,93.33333588,87.14286041,87.19211578
Estonia,EST,2016,88.09523773,81.90476227,68.09523773,93.33333588,85.7142868,89.16255951
Estonia,EST,2017,86.66666412,82.85713959,68.57142639,93.33333588,85.7142868,89.65517426
Estonia,EST,2018,90,83.33333588,65.09433746,91.90476227,85.7142868,88.83495331
Estonia,EST,2019,90.95237732,84.76190186,67.45282745,92.85713959,86.19047546,87.43961334
Estonia,EST,2020,92.38095093,87.61904907,70.75471497,92.85713959,88.57142639,87.9227066
Estonia,EST,2021,90,88.57142639,70.75471497,92.85713959,88.09523773,88.40579987
Estonia,EST,2022,91.03773499,89.62264252,71.69811249,92.92453003,89.62264252,87.9227066
France,FRA,2003,85.7142868,91.35134888,50.25125504,85.94594574,89.55223846,85.07462311
France,FRA,2004,88.66995239,92.53731537,56.31068039,85.57213593,91.82691956,91.82691956
France,FRA,2005,89.75609589,92.15686035,57.76699066,85.29412079,90.43061829,92.78845978
France,FRA,2006,91.70731354,92.19512177,64.25120544,86.27451324,90.43061829,91.82691956
France,FRA,2007,91.74757385,89.32038879,64.73429871,86.89320374,90.43061829,91.34615326
France,FRA,2008,91.26213837,91.74757385,64.90384674,87.37863922,90.86538696,91.34615326
France,FRA,2009,90.43061829,88.99521637,63.5071106,85.64593506,90.0473938,90.52132416
France,FRA,2010,90.95237732,88.99521637,68.72038269,86.60286713,90.52132416,90.0473938
France,FRA,2011,90.99526215,87.67772675,65.40284729,84.8341217,89.67136383,88.73239136
France,FRA,2012,90.52132416,87.67772675,63.5071106,83.412323,89.67136383,89.67136383
France,FRA,2013,87.67772675,89.09952545,62.08530807,85.30805969,89.20188141,89.67136383
France,FRA,2014,87.5,88.46154022,58.09523773,81.7307663,88.46154022,89.65517426
France,FRA,2015,87.61904907,88.09523773,51.42856979,82.85713959,87.61904907,89.65517426
France,FRA,2016,89.52381134,89.04762268,42.8571434,82.38095093,87.61904907,85.22167206
France,FRA,2017,87.14286041,87.14286041,56.19047546,83.33333588,88.57142639,85.7142868
France,FRA,2018,87.61904907,89.52381134,48.11320877,83.80952454,88.09523773,86.89320374
France,FRA,2019,88.57142639,88.09523773,57.07546997,90.95237732,88.57142639,85.50724792
France,FRA,2020,83.80952454,85.7142868,56.13207626,85.23809814,87.14286041,81.64250946
France,FRA,2021,89.04762268,85.23809814,56.60377502,85.7142868,87.14286041,85.50724792
France,FRA,2022,85.37735748,83.01886749,56.13207626,85.37735748,85.37735748,85.99034119
Germany,DEU,2003,93.12169647,88.64865112,64.82411957,90.8108139,93.532341,93.532341
Germany,DEU,2004,93.59606171,89.55223846,67.96116638,91.04477692,93.75,93.75
Germany,DEU,2005,94.14633942,89.21568298,75.72815704,92.15686035,94.25836945,93.2692337
Germany,DEU,2006,93.17073059,92.68292999,82.12560272,94.11764526,95.21530914,93.2692337
Germany,DEU,2007,92.23300934,92.23300934,81.15942383,94.6601944,95.21530914,93.2692337
Germany,DEU,2008,93.20388031,89.32038879,79.80769348,92.23300934,94.2307663,93.75
Germany,DEU,2009,93.30143738,92.82296753,77.72512054,93.77990723,92.89099884,92.89099884
Germany,DEU,2010,93.33333588,90.43061829,73.4597168,93.77990723,92.89099884,92.41706085
Germany,DEU,2011,93.3649292,90.99526215,71.5639801,92.89099884,92.01877594,93.42723083
Germany,DEU,2012,94.31279755,91.94313049,71.09004974,91.94313049,92.01877594,93.42723083
Germany,DEU,2013,94.31279755,90.52132416,76.30331421,92.41706085,92.01877594,93.42723083
Germany,DEU,2014,93.75,93.75,78.09523773,94.2307663,93.75,96.05911255
Germany,DEU,2015,93.33333588,92.85713959,68.09523773,94.2857132,93.33333588,95.56650543
Germany,DEU,2016,93.80952454,93.33333588,68.57142639,96.66666412,91.90476227,95.07389069
Germany,DEU,2017,94.76190186,93.33333588,65.23809814,95.23809814,91.42857361,95.56650543
Germany,DEU,2018,95.7142868,91.42857361,64.62264252,95.23809814,91.42857361,95.14562988
Germany,DEU,2019,95.23809814,91.90476227,65.09433746,96.19047546,92.38095093,95.16908264
Germany,DEU,2020,95.23809814,88.09523773,67.92453003,93.33333588,90.95237732,94.20289612
Germany,DEU,2021,95.7142868,87.14286041,69.81131744,94.76190186,91.42857361,95.6521759
Germany,DEU,2022,95.75471497,88.20755005,67.45282745,92.45282745,91.98113251,94.68598938
Hungary,HUN,2003,74.07407379,76.75675964,86.43215942,81.08107758,73.13433075,87.06467438
Hungary,HUN,2004,73.89162445,77.11442566,75.24272156,83.58209229,75,85.57691956
Hungary,HUN,2005,72.19512177,73.52941132,80.09708405,78.92156982,75.11961365,86.53845978
Hungary,HUN,2006,73.17073059,77.56097412,80.67633057,85.29412079,79.9043045,78.84615326
Hungary,HUN,2007,73.30097198,73.78640747,71.98067474,85.92233276,80.38277435,80.7692337
Hungary,HUN,2008,69.90291595,73.30097198,71.63461304,85.43688965,80.28845978,76.44230652
Hungary,HUN,2009,69.37799072,72.24880219,63.98104095,81.33971405,71.5639801,74.8815155
Hungary,HUN,2010,65.7142868,71.77033234,69.19431305,80.38277435,72.03791809,73.4597168
Hungary,HUN,2011,67.77251434,70.61611176,70.1421814,80.0947876,71.83098602,73.23943329
Hungary,HUN,2012,65.40284729,69.66824341,68.72038269,78.67298889,68.07511902,70.89202118
Hungary,HUN,2013,64.9289093,71.5639801,70.61611176,77.72512054,67.6056366,70.42253876
Hungary,HUN,2014,61.05769348,72.11538696,68.57142639,75,70.67308044,66.50246429
Hungary,HUN,2015,60,71.42857361,69.52381134,74.2857132,65.23809814,66.50246429
Hungary,HUN,2016,58.57143021,68.57142639,66.19047546,70,65.23809814,58.62068939
Hungary,HUN,2017,57.61904907,68.09523773,74.2857132,72.38095093,69.04762268,65.02462769
Hungary,HUN,2018,58.09523773,68.09523773,70.75471497,70.95237732,70.47618866,64.07766724
Hungary,HUN,2019,57.61904907,68.09523773,71.69811249,72.38095093,68.57142639,57.97101593
Hungary,HUN,2020,58.09523773,70,74.05660248,66.66666412,66.19047546,58.93719864
Hungary,HUN,2021,55.23809433,70.47618866,73.11320496,67.61904907,67.61904907,58.93719864
Hungary,HUN,2022,51.41509247,68.86792755,67.92453003,64.62264252,63.20754623,59.90338135
India,IND,2003,40.74074173,54.05405426,9.045226097,42.16216278,56.2189064,63.18407822
India,IND,2004,37.93103409,50.74626923,13.10679626,41.29353333,55.76922989,61.53845978
India,IND,2005,44.87804794,52.45098114,17.47572899,45.09803772,56.93779755,61.53845978
India,IND,2006,47.31707382,53.17073059,16.90821266,45.58823395,57.4162674,59.13461685
India,IND,2007,41.26213455,57.76699066,13.52657032,43.20388412,56.45933151,59.61538315
India,IND,2008,43.68931961,56.79611588,13.94230747,38.83495331,57.21154022,60.09615326
India,IND,2009,39.23445129,56.45933151,10.42654037,39.71291733,54.9763031,59.71564102
India,IND,2010,39.04761887,56.93779755,11.37440777,36.84210587,53.55450058,60.1895752
India,IND,2011,35.54502487,56.87203979,10.90047359,38.86256027,52.58216095,61.03286362
India,IND,2012,36.4928894,50.71089935,10.90047359,33.64928818,53.05164337,61.03286362
India,IND,2013,36.96682358,48.81516647,12.32227516,34.59715652,53.52112579,61.50234604
India,IND,2014,39.90384674,45.19230652,13.80952358,33.65384674,55.76922989,60.09852219
India,IND,2015,42.8571434,55.7142868,17.1428566,37.1428566,55.23809433,60.59113312
India,IND,2016,43.80952454,55.7142868,14.76190472,41.42856979,52.38095093,61.57635498
India,IND,2017,45.7142868,55.23809433,18.5714283,42.8571434,52.8571434,58.62068939
India,IND,2018,47.61904907,63.33333206,13.679245,44.76190567,53.33333206,58.25242615
India,IND,2019,44.76190567,59.04761887,19.3396225,47.1428566,51.42856979,56.0386467
India,IND,2020,45.23809433,65.7142868,18.39622688,46.66666794,52.38095093,52.65700531
India,IND,2021,45.23809433,60.95238113,22.64151001,49.04761887,50,50.72463608
India,IND,2022,44.3396225,63.20754623,24.52830124,50.94339752,55.18867874,49.27536392
Italy,ITA,2003,70.89946747,75.67567444,59.79899597,80,69.65174103,77.61193848
Italy,ITA,2004,66.50246429,73.13433075,54.85437012,81.0945282,68.2692337,86.53845978
Italy,ITA,2005,67.80487823,69.60784149,63.10679626,78.4313736,64.59329987,81.7307663
Italy,ITA,2006,71.21951294,64.87805176,62.31884003,78.92156982,61.7224884,83.17308044
Italy,ITA,2007,67.4757309,58.73786545,60.38647461,78.1553421,63.63636398,86.05769348
Italy,ITA,2008,64.07766724,62.62136078,65.38461304,79.12621307,62.5,81.25
Italy,ITA,2009,64.11483002,66.98564911,54.50236893,78.46890259,62.55924225,81.5165863
Italy,ITA,2010,64.2857132,67.46411133,62.55924225,77.51196289,63.98104095,75.82938385
Italy,ITA,2011,65.87677765,65.87677765,62.55924225,74.8815155,64.31925201,75.11737061
Italy,ITA,2012,62.08530807,66.35070801,63.03317642,74.40758514,64.31925201,74.64788818
Italy,ITA,2013,60.1895752,68.72038269,63.98104095,74.8815155,63.84976578,76.05633545
Italy,ITA,2014,56.73077011,70.67308044,60.47618866,71.15384674,67.78845978,77.8325119
Italy,ITA,2015,57.1428566,70.47618866,58.57143021,73.80952454,63.33333206,81.28078461
Italy,ITA,2016,59.04761887,71.90476227,58.57143021,73.80952454,62.8571434,81.77339935
Italy,ITA,2017,60.47618866,69.04762268,57.61904907,74.76190186,62.38095093,78.81773376
Italy,ITA,2018,60.95238113,67.61904907,57.07546997,75.23809814,60,78.1553421
Italy,ITA,2019,61.42856979,68.57142639,58.96226501,77.14286041,60.47618866,76.8115921
Italy,ITA,2020,67.14286041,65.23809814,58.01886749,68.09523773,57.61904907,81.15942383
Italy,ITA,2021,67.61904907,64.2857132,63.679245,68.57142639,58.09523773,83.57488251
Italy,ITA,2022,68.86792755,66.98113251,58.49056625,68.86792755,58.49056625,82.60869598
Kazakhstan,KAZ,2003,11.64021206,26.48648643,58.7939682,40.54053879,15.42288589,17.91044807
Kazakhstan,KAZ,2004,12.31527138,25.37313461,48.05825424,34.3283577,14.42307663,18.26922989
Kazakhstan,KAZ,2005,16.5853653,32.35293961,52.91262054,46.5686264,20.09569359,18.26922989
Kazakhstan,KAZ,2006,18.04878044,38.04878235,52.17391205,42.64706039,12.44019127,15.86538506
Kazakhstan,KAZ,2007,17.96116447,28.15534019,69.0821228,40.77669907,14.83253574,15.38461494
Kazakhstan,KAZ,2008,16.01941681,36.40776825,68.2692337,46.11650467,19.71153831,16.82692337
Kazakhstan,KAZ,2009,19.1387558,40.19138718,72.51184845,44.97607803,28.4360199,15.63981056
Kazakhstan,KAZ,2010,16.66666603,37.79904175,63.98104095,42.5837326,29.38388634,14.21800995
Kazakhstan,KAZ,2011,17.53554535,38.86256027,36.01895905,45.0236969,30.98591614,15.02347374
Kazakhstan,KAZ,2012,18.95734596,37.44075775,34.12322235,38.3886261,26.7605629,15.02347374
Kazakhstan,KAZ,2013,18.95734596,32.70142365,34.59715652,38.86256027,29.57746506,14.08450699
Kazakhstan,KAZ,2014,23.55769157,50,47.61904907,46.63461685,32.21154022,14.28571415
Kazakhstan,KAZ,2015,20.95238113,48.09523773,43.80952454,49.52381134,36.19047546,16.25615692
Kazakhstan,KAZ,2016,21.90476227,47.1428566,47.61904907,47.1428566,32.38095093,13.79310322
Kazakhstan,KAZ,2017,20,49.52381134,47.1428566,60.95238113,32.8571434,13.79310322
Kazakhstan,KAZ,2018,37.61904907,50.95238113,44.81132126,59.04761887,33.33333206,15.04854393
Kazakhstan,KAZ,2019,45.23809433,54.76190567,41.50943375,60.47618866,32.8571434,14.49275398
Kazakhstan,KAZ,2020,40.95238113,55.7142868,38.20754623,56.66666794,36.19047546,15.942029
Kazakhstan,KAZ,2021,47.1428566,55.23809433,38.20754623,55.7142868,33.33333206,18.84057999
Kazakhstan,KAZ,2022,48.58490753,58.49056625,32.54716873,52.83018875,35.84905624,19.8067627
Lithuania,LTU,2003,68.25396729,74.59459686,83.91960144,79.4594574,64.67662048,74.12935638
Lithuania,LTU,2004,66.99507141,75.12437439,72.8155365,79.60198975,67.30769348,77.88461304
Lithuania,LTU,2005,64.39024353,74.01960754,69.90291595,77.45098114,67.94258118,74.5192337
Lithuania,LTU,2006,59.51219559,73.65853882,74.87922668,78.4313736,69.37799072,74.5192337
Lithuania,LTU,2007,58.73786545,72.8155365,76.32849884,81.06796265,69.85646057,74.03845978
Lithuania,LTU,2008,60.67961121,70.38835144,70.67308044,81.06796265,70.67308044,72.59615326
Lithuania,LTU,2009,65.07176971,73.20574188,69.19431305,77.99043274,69.66824341,74.40758514
Lithuania,LTU,2010,68.57142639,73.68421173,70.61611176,79.42583466,72.98577881,75.35545349
Lithuania,LTU,2011,67.29857635,72.98577881,68.72038269,77.72512054,72.30046844,74.64788818
Lithuania,LTU,2012,68.2464447,74.40758514,72.51184845,82.93838501,75.58685303,75.11737061
Lithuania,LTU,2013,67.77251434,74.40758514,80.56871796,84.8341217,73.23943329,75.58685303
Lithuania,LTU,2014,70.19230652,78.84615326,70.47618866,85.57691956,78.84615326,76.35468292
Lithuania,LTU,2015,70,84.2857132,70.47618866,86.66666412,80.47618866,77.33990479
Lithuania,LTU,2016,72.85713959,80.47618866,72.85713959,84.2857132,81.90476227,78.32512665
Lithuania,LTU,2017,67.61904907,79.04762268,72.38095093,82.85713959,80,78.32512665
Lithuania,LTU,2018,66.66666412,80.47618866,69.81131744,82.38095093,78.57142639,77.1844635
Lithuania,LTU,2019,73.80952454,80.47618866,72.16981506,82.85713959,80.47618866,80.1932373
Lithuania,LTU,2020,78.57142639,81.42857361,78.77358246,83.33333588,80.95237732,80.67633057
Lithuania,LTU,2021,79.52381134,80.95237732,73.58490753,86.19047546,82.85713959,80.67633057
Lithuania,LTU,2022,76.41509247,79.71697998,69.3396225,87.73584747,83.01886749,81.15942383
Moldova,MDA,2003,21.16402054,30.81081009,39.69849396,39.45946121,36.81592178,32.83581924
Moldova,MDA,2004,14.77832508,22.38805962,37.86407852,37.8109436,42.78845978,29.80769157
Moldova,MDA,2005,30.24390221,26.47058868,34.46601868,36.76470566,42.10526276,30.76922989
Moldova,MDA,2006,31.70731735,25.85365868,31.884058,42.15686417,38.2775116,37.01922989
Moldova,MDA,2007,29.61165047,21.84465981,42.51207733,46.11650467,37.32057571,37.01922989
Moldova,MDA,2008,33.0097084,24.27184486,35.57692337,49.02912521,40.38461685,36.53845978
Moldova,MDA,2009,26.79425812,35.88516617,26.06635094,49.28229523,41.7061615,37.44075775
Moldova,MDA,2010,29.04761887,30.62200928,33.175354,49.28229523,43.60189438,46.91942978
Moldova,MDA,2011,30.80568695,31.27962112,45.49763107,51.18483353,45.53990555,51.17370987
Moldova,MDA,2012,31.7535553,33.64928818,46.91942978,49.28910065,46.00938797,47.41783905
Moldova,MDA,2013,23.69668198,41.7061615,45.97156525,49.28910065,43.19248962,46.00938797
Moldova,MDA,2014,21.15384674,38.46154022,39.04761887,52.88461685,46.15384674,49.26108551
Moldova,MDA,2015,18.09523773,27.1428566,34.76190567,50,42.38095093,48.76847458
Moldova,MDA,2016,14.76190472,27.61904716,34.76190567,49.04761887,32.8571434,47.29064178
Moldova,MDA,2017,21.4285717,30.95238113,33.33333206,50.95238113,35.7142868,45.81280899
Moldova,MDA,2018,25.7142849,33.80952454,31.13207626,51.42856979,36.19047546,40.29126358
Moldova,MDA,2019,30,36.19047546,31.13207626,50.47618866,36.19047546,42.02898407
Moldova,MDA,2020,31.90476227,33.33333206,34.90565872,51.42856979,33.33333206,44.44444275
Moldova,MDA,2021,35.23809433,36.19047546,40.09434128,52.38095093,40.47618866,48.3091774
Moldova,MDA,2022,42.92453003,40.56603622,22.16981125,54.71697998,41.98113251,51.6908226
Nepal,NPL,2003,34.92063522,24.32432365,4.522613049,38.91891861,32.83581924,22.38805962
Nepal,NPL,2004,18.22660065,16.41790962,2.91262126,31.3432827,27.40384674,17.30769157
Nepal,NPL,2005,23.90243912,22.05882263,1.941747546,31.86274529,23.92344475,14.42307663
Nepal,NPL,2006,28.78048706,19.02439117,4.347826004,32.35293961,31.10047913,23.07692337
Nepal,NPL,2007,23.30097008,26.21359253,4.347826004,28.64077759,34.92823029,30.76922989
Nepal,NPL,2008,21.84465981,21.84465981,6.730769157,28.15534019,30.76922989,32.21154022
Nepal,NPL,2009,26.31579018,17.22488022,7.582938194,25.35885239,20.85308075,33.64928818
Nepal,NPL,2010,27.1428566,20.57416344,7.582938194,23.92344475,17.53554535,33.64928818
Nepal,NPL,2011,23.22274971,18.00947952,8.056872368,25.59241676,21.59624481,32.39436722
Nepal,NPL,2012,22.74881554,17.06161118,8.530805588,23.69668198,27.69952965,28.16901398
Nepal,NPL,2013,28.90995216,18.95734596,14.69194317,22.27488136,29.10798073,30.51643181
Nepal,NPL,2014,33.17307663,18.75,21.4285717,22.11538506,30.76922989,33.00492477
Nepal,NPL,2015,32.38095093,12.38095284,14.28571415,23.80952454,29.04761887,32.01970291
Nepal,NPL,2016,22.38095284,19.04761887,17.1428566,22.8571434,21.4285717,37.93103409
Nepal,NPL,2017,23.80952454,17.61904716,25.7142849,25.23809433,27.1428566,39.90147781
Nepal,NPL,2018,27.1428566,16.19047546,26.88679314,23.33333397,33.80952454,39.80582428
Nepal,NPL,2019,27.1428566,13.33333302,28.30188751,24.2857151,31.4285717,39.61352539
Nepal,NPL,2020,29.04761887,15.71428585,41.50943375,25.7142849,32.38095093,42.51207733
Nepal,NPL,2021,32.38095093,15.71428585,41.03773499,28.5714283,33.80952454,42.99517059
Nepal,NPL,2022,33.96226501,16.03773499,37.73584747,27.83018875,37.73584747,44.92753601
Netherlands,NLD,2003,95.76719666,97.83783722,87.43718719,97.29729462,95.02487183,96.01989746
Netherlands,NLD,2004,95.56650543,98.00994873,81.55339813,98.50746155,95.19230652,98.07691956
Netherlands,NLD,2005,96.0975647,98.03921509,79.12621307,98.52941132,95.69377899,99.03845978
Netherlands,NLD,2006,96.0975647,94.63414764,75.84541321,97.05882263,94.73683929,98.55769348
Netherlands,NLD,2007,97.08737946,94.17475891,73.42995453,97.57281494,95.69377899,99.03845978
Netherlands,NLD,2008,96.60194397,94.17475891,76.44230652,97.08737946,94.71154022,97.59615326
Netherlands,NLD,2009,97.60765839,94.73683929,81.99052429,97.12918854,97.15639496,96.20853424
Netherlands,NLD,2010,97.61904907,95.21530914,81.5165863,97.12918854,97.15639496,96.20853424
Netherlands,NLD,2011,96.6824646,96.6824646,89.57346344,97.15639496,97.18309784,96.71361542
Netherlands,NLD,2012,96.20853424,97.15639496,91.4691925,96.20853424,97.18309784,97.18309784
Netherlands,NLD,2013,96.20853424,97.63033295,90.99526215,95.73459625,97.18309784,96.71361542
Netherlands,NLD,2014,95.67308044,98.07691956,86.19047546,95.67308044,97.11538696,98.02955627
Netherlands,NLD,2015,94.2857132,97.14286041,78.57142639,96.66666412,97.14286041,99.01477814
Netherlands,NLD,2016,94.76190186,97.61904907,77.61904907,98.57142639,97.14286041,98.52217102
Netherlands,NLD,2017,92.38095093,96.19047546,78.57142639,98.57142639,95.7142868,96.55172729
Netherlands,NLD,2018,95.23809814,96.19047546,75.47169495,99.04762268,95.7142868,96.11650848
Netherlands,NLD,2019,95.7142868,96.66666412,75.47169495,98.09523773,95.7142868,96.6183548
Netherlands,NLD,2020,96.19047546,97.14286041,73.58490753,96.66666412,94.76190186,98.06763458
Netherlands,NLD,2021,97.14286041,96.19047546,78.30188751,96.19047546,94.76190186,96.6183548
Netherlands,NLD,2022,96.69811249,95.28302002,71.22641754,96.69811249,93.39622498,97.58454132
Norway,NOR,2003,96.29629517,94.59459686,94.4723587,88.10810852,97.51243591,96.51741028
Norway,NOR,2004,95.07389069,97.51243591,92.23300934,90.04975128,100,98.55769348
Norway,NOR,2005,96.5853653,96.5686264,93.68932343,91.1764679,98.56459045,98.55769348
Norway,NOR,2006,97.07317352,96.5853653,93.71981049,85.78431702,99.52153015,99.03845978
Norway,NOR,2007,94.6601944,98.05825043,91.78743744,87.86407471,99.0430603,100
Norway,NOR,2008,94.6601944,97.08737946,95.67308044,88.83495331,100,100
Norway,NOR,2009,95.21530914,97.12918854,93.3649292,92.82296753,98.10426331,99.05213165
Norway,NOR,2010,97.14286041,98.08612061,95.26066589,92.82296753,98.57820129,100
Norway,NOR,2011,97.63033295,97.15639496,97.15639496,93.83885956,98.12206268,100
Norway,NOR,2012,98.57820129,98.10426331,95.26066589,92.89099884,100,100
Norway,NOR,2013,99.05213165,98.57820129,95.73459625,94.78672791,100,100
Norway,NOR,2014,99.03845978,97.11538696,89.52381134,92.78845978,99.03845978,100
Norway,NOR,2015,99.04762268,97.61904907,90.47618866,92.38095093,98.57142639,100
Norway,NOR,2016,98.57142639,98.57142639,92.38095093,92.85713959,99.52381134,100
Norway,NOR,2017,99.52381134,98.57142639,89.04762268,96.19047546,99.52381134,100
Norway,NOR,2018,97.61904907,97.14286041,89.62264252,96.66666412,99.52381134,100
Norway,NOR,2019,97.14286041,97.14286041,90.09433746,97.14286041,99.52381134,100
Norway,NOR,2020,97.61904907,98.09523773,94.3396225,95.7142868,99.52381134,100
Norway,NOR,2021,98.09523773,97.61904907,88.679245,95.23809814,99.52381134,100
Norway,NOR,2022,98.11320496,98.11320496,76.41509247,91.98113251,98.11320496,100
Pakistan,PAK,2003,24.33862495,32.97297287,7.537688255,21.08108139,20.39801025,14.92537308
Pakistan,PAK,2004,10.83743858,37.8109436,5.825242519,15.42288589,17.30769157,16.82692337
Pakistan,PAK,2005,14.63414669,38.72549057,5.339805603,26.47058868,21.53110123,20.67307663
Pakistan,PAK,2006,22.43902397,41.46341324,2.898550749,34.80392075,23.44497681,24.51922989
Pakistan,PAK,2007,21.84465981,37.86407852,0.966183603,31.06796074,21.05263138,21.15384674
Pakistan,PAK,2008,19.41747665,26.21359253,0.961538434,29.61165047,18.26922989,25.48077011
Pakistan,PAK,2009,13.87559795,22.96650696,1.421800971,30.14354134,22.27488136,24.17061615
Pakistan,PAK,2010,13.80952358,25.35885239,0.473933637,29.66507149,28.4360199,27.48815155
Pakistan,PAK,2011,15.16587639,22.74881554,0.473933637,28.4360199,19.7183094,25.82159615
Pakistan,PAK,2012,14.21800995,25.59241676,0.947867274,26.06635094,21.12676048,24.88262939
Pakistan,PAK,2013,17.06161118,23.22274971,0.947867274,26.06635094,22.06572723,25.35211182
Pakistan,PAK,2014,23.07692337,22.59615326,3.333333254,27.88461494,25.96153831,27.0935955
Pakistan,PAK,2015,22.38095284,26.66666603,1.428571463,28.09523773,24.2857151,27.0935955
Pakistan,PAK,2016,17.61904716,26.66666603,1.428571463,27.1428566,20.47619057,27.58620644
Pakistan,PAK,2017,21.90476227,29.52380943,1.90476191,29.04761887,23.80952454,28.07881737
Pakistan,PAK,2018,24.2857151,27.1428566,2.830188751,27.61904716,26.66666603,25.24271774
Pakistan,PAK,2019,20.95238113,26.66666603,3.301886797,27.1428566,25.7142849,22.70531464
Pakistan,PAK,2020,21.90476227,32.38095093,5.188679218,24.2857151,24.76190567,23.67149734
Pakistan,PAK,2021,23.33333397,35.7142868,6.603773594,23.80952454,27.61904716,25.12077332
Pakistan,PAK,2022,22.64151001,29.24528313,6.603773594,20.28301811,25,25.12077332
Portugal,PRT,2003,83.06878662,83.78378296,95.97989655,86.48648834,88.55721283,93.03482819
Portugal,PRT,2004,84.72906494,81.0945282,79.61164856,84.0796051,87.9807663,92.30769348
Portugal,PRT,2005,81.46341705,82.84313965,80.58252716,87.7450943,87.55980682,91.82691956
Portugal,PRT,2006,80.97560883,78.53658295,79.22705078,80.88235474,79.42583466,90.38461304
Portugal,PRT,2007,81.55339813,78.64077759,76.8115921,83.49514771,82.29665375,90.38461304
Portugal,PRT,2008,81.55339813,82.5242691,81.25,82.5242691,83.65384674,89.42308044
Portugal,PRT,2009,81.8181839,83.25358582,72.98577881,79.42583466,83.412323,86.7298584
Portugal,PRT,2010,81.42857361,78.94736481,71.09004974,74.64115143,82.93838501,83.88625336
Portugal,PRT,2011,81.5165863,76.7772522,69.66824341,71.09004974,80.2816925,84.50704193
Portugal,PRT,2012,79.62084961,79.14691925,70.61611176,75.35545349,82.62910461,81.22065735
Portugal,PRT,2013,78.67298889,83.88625336,68.72038269,75.35545349,83.09859467,82.62910461
Portugal,PRT,2014,79.32691956,79.32691956,74.2857132,74.03845978,84.13461304,82.75862122
Portugal,PRT,2015,78.09523773,85.23809814,78.09523773,79.04762268,82.38095093,84.72906494
Portugal,PRT,2016,78.57142639,84.76190186,79.52381134,76.19047546,82.85713959,86.20689392
Portugal,PRT,2017,79.52381134,86.66666412,88.57142639,79.04762268,83.33333588,88.66995239
Portugal,PRT,2018,79.04762268,85.23809814,89.15093994,79.04762268,84.2857132,87.86407471
Portugal,PRT,2019,76.66666412,84.2857132,87.26415253,77.61904907,83.80952454,88.40579987
Portugal,PRT,2020,76.66666412,80.47618866,83.49056244,75.23809814,85.23809814,89.37197876
Portugal,PRT,2021,77.14286041,80.47618866,81.13207245,73.33333588,84.2857132,89.37197876
Portugal,PRT,2022,75.94339752,80.18868256,75.94339752,75,83.96226501,89.85507202
Romania,ROU,2003,42.8571434,47.02702713,57.78894424,54.05405426,45.77114487,57.71144104
Romania,ROU,2004,44.82758713,51.24378204,47.57281494,60.19900513,47.11538315,60.09615326
Romania,ROU,2005,48.78048706,46.07843018,48.54368973,58.82352829,46.88995361,61.05769348
Romania,ROU,2006,49.26829147,49.75609589,49.75845337,64.70587921,50.71770477,62.98077011
Romania,ROU,2007,51.45631027,44.17475891,50.24154663,66.99028778,52.1531105,61.05769348
Romania,ROU,2008,52.91262054,43.68931961,50.48077011,67.4757309,53.84615326,62.01922989
Romania,ROU,2009,48.80382919,43.54066849,56.87203979,70.33493042,56.87203979,60.1895752
Romania,ROU,2010,45.23809433,51.19617081,54.02843475,73.20574188,58.2938385,59.24170685
Romania,ROU,2011,45.97156525,48.81516647,53.55450058,73.93364716,57.74647903,58.68544769
Romania,ROU,2012,44.54976273,49.28910065,48.81516647,68.72038269,57.74647903,57.74647903
Romania,ROU,2013,47.86729813,59.24170685,54.02843475,71.5639801,58.68544769,57.74647903
Romania,ROU,2014,51.92307663,62.01922989,48.57143021,70.67308044,64.90384674,60.59113312
Romania,ROU,2015,51.90476227,56.66666794,54.2857132,70,61.42856979,63.54679871
Romania,ROU,2016,51.42856979,49.52381134,55.23809433,69.04762268,67.14286041,65.51724243
Romania,ROU,2017,51.42856979,49.04761887,48.57143021,68.57142639,67.14286041,67.48768616
Romania,ROU,2018,48.09523773,46.66666794,49.05660248,67.14286041,63.33333206,65.53398132
Romania,ROU,2019,47.61904907,42.8571434,63.679245,66.19047546,63.80952454,64.25120544
Romania,ROU,2020,51.42856979,41.42856979,62.73584747,62.8571434,62.8571434,65.21739197
Romania,ROU,2021,51.42856979,46.19047546,64.15093994,61.90476227,62.38095093,64.25120544
Romania,ROU,2022,55.6603775,53.30188751,60.84905624,63.679245,62.26415253,63.768116
Serbia,SRB,2003,39.15343857,31.35135078,28.1407032,29.72973061,21.8905468,44.27860641
Serbia,SRB,2004,35.46797943,47.76119232,28.64077759,34.82587051,28.36538506,43.26922989
Serbia,SRB,2005,42.43902588,44.11764526,24.75728226,27.94117737,20.57416344,43.26922989
Serbia,SRB,2006,46.82926941,47.80487823,28.5024147,31.37254906,36.84210587,54.32692337
Serbia,SRB,2007,45.14562988,47.57281494,26.08695602,36.40776825,39.23445129,56.73077011
Serbia,SRB,2008,47.57281494,46.60194016,27.40384674,39.32038879,37.5,56.73077011
Serbia,SRB,2009,48.32535934,54.54545593,29.38388634,47.36841965,40.28435898,57.34597015
Serbia,SRB,2010,47.1428566,54.06698608,31.27962112,52.1531105,41.23222733,55.92417145
Serbia,SRB,2011,49.28910065,50.23696518,36.96682358,52.60663605,46.00938797,56.33802795
Serbia,SRB,2012,45.49763107,48.81516647,38.86256027,50.71089935,45.07042313,56.33802795
Serbia,SRB,2013,46.44549942,47.39336395,43.12796021,51.6587677,46.00938797,57.27699661
Serbia,SRB,2014,50.48077011,55.76922989,53.33333206,59.61538315,53.84615326,55.6650238
Serbia,SRB,2015,46.19047546,53.33333206,55.23809433,57.1428566,54.76190567,55.17241287
Serbia,SRB,2016,42.38095093,50.95238113,50.47618866,54.2857132,50.47618866,53.69458008
Serbia,SRB,2017,41.90476227,56.66666794,50.47618866,51.90476227,47.61904907,49.75369644
Serbia,SRB,2018,40.47618866,54.2857132,46.69811249,59.52381134,49.04761887,45.14562988
Serbia,SRB,2019,37.61904907,51.90476227,44.3396225,59.52381134,49.52381134,43.9613533
Serbia,SRB,2020,37.1428566,51.42856979,41.98113251,56.19047546,50,40.57971191
Serbia,SRB,2021,35.7142868,52.8571434,45.28302002,53.33333206,49.52381134,41.06280136
Serbia,SRB,2022,35.37735748,57.07546997,40.09434128,56.13207626,49.05660248,42.51207733
Spain,ESP,2003,88.8888855,94.05405426,41.2060318,87.56756592,87.06467438,89.55223846
Spain,ESP,2004,89.16255951,88.55721283,41.74757385,87.56218719,85.09615326,89.42308044
Spain,ESP,2005,88.78048706,89.70587921,53.39805984,88.23529053,85.64593506,84.13461304
Spain,ESP,2006,84.87805176,77.07317352,41.06280136,84.80392456,87.08133698,85.57691956
Spain,ESP,2007,83.00971222,80.09708405,35.74879074,86.40776825,86.12440491,87.0192337
Spain,ESP,2008,83.49514771,78.64077759,30.28846169,86.89320374,86.05769348,87.5
Spain,ESP,2009,81.33971405,77.99043274,30.33175278,84.68899536,86.25592041,88.1516571
Spain,ESP,2010,83.80952454,78.46890259,33.64928818,84.21052551,85.78199005,85.30805969
Spain,ESP,2011,83.412323,78.1990509,48.3412323,81.04265594,85.44600677,83.09859467
Spain,ESP,2012,83.412323,81.5165863,42.65402985,78.1990509,83.09859467,82.15962219
Spain,ESP,2013,79.62084961,82.93838501,46.91942978,79.14691925,82.15962219,78.40375519
Spain,ESP,2014,73.07691956,85.09615326,55.23809433,74.5192337,80.28845978,76.84729004
Spain,ESP,2015,71.90476227,84.76190186,55.7142868,75.7142868,78.09523773,82.75862122
Spain,ESP,2016,68.09523773,83.33333588,60,81.42857361,80.47618866,82.26600647
Spain,ESP,2017,67.14286041,80.47618866,57.1428566,79.52381134,81.90476227,82.26600647
Spain,ESP,2018,72.85713959,79.04762268,56.60377502,80.47618866,80.47618866,81.55339813
Spain,ESP,2019,73.33333588,79.52381134,58.01886749,81.90476227,80.95237732,80.67633057
Spain,ESP,2020,75.7142868,77.61904907,58.96226501,73.80952454,76.66666412,80.1932373
Spain,ESP,2021,75.7142868,78.09523773,61.79245377,73.80952454,77.61904907,79.22705078
Spain,ESP,2022,75,77.83018494,53.30188751,75.94339752,77.35848999,79.71014404
Sri Lanka,LKA,2003,47.61904907,48.10810852,23.1155777,56.75675583,59.70149231,44.77611923
Sri Lanka,LKA,2004,50.73891449,43.28358078,18.44660187,52.23880768,58.17307663,44.23077011
Sri Lanka,LKA,2005,46.82926941,45.58823395,16.5048542,39.70588303,57.4162674,43.75
Sri Lanka,LKA,2006,51.21951294,50.24390411,9.66183567,46.5686264,56.93779755,36.53845978
Sri Lanka,LKA,2007,52.91262054,52.42718506,7.729468822,44.6601944,56.93779755,34.13461685
Sri Lanka,LKA,2008,50.48543549,52.91262054,7.692307472,39.80582428,54.32692337,32.69230652
Sri Lanka,LKA,2009,42.5837326,50.71770477,10.90047359,44.01913834,51.6587677,32.22748947
Sri Lanka,LKA,2010,41.90476227,47.36841965,17.53554535,44.49760818,51.18483353,31.27962112
Sri Lanka,LKA,2011,42.65402985,52.13270187,23.69668198,50.23696518,52.11267471,30.51643181
Sri Lanka,LKA,2012,50.23696518,46.91942978,22.74881554,48.81516647,52.11267471,29.57746506
Sri Lanka,LKA,2013,52.13270187,48.3412323,25.59241676,46.44549942,46.47887421,28.63849831
Sri Lanka,LKA,2014,45.67307663,57.69230652,34.2857132,49.51922989,50.48077011,28.07881737
Sri Lanka,LKA,2015,43.33333206,52.8571434,50.47618866,51.42856979,58.09523773,36.45320129
Sri Lanka,LKA,2016,44.2857132,52.38095093,46.66666794,49.52381134,57.1428566,43.34975433
Sri Lanka,LKA,2017,39.52381134,46.19047546,42.38095093,46.19047546,54.2857132,43.34975433
Sri Lanka,LKA,2018,42.38095093,43.33333206,41.03773499,45.23809433,53.80952454,46.11650467
Sri Lanka,LKA,2019,44.2857132,47.1428566,40.09434128,43.80952454,53.80952454,42.51207733
Sri Lanka,LKA,2020,43.80952454,50.47618866,44.81132126,43.33333206,53.80952454,43.9613533
Sri Lanka,LKA,2021,42.8571434,49.04761887,33.01886749,38.57143021,53.33333206,44.44444275
Sri Lanka,LKA,2022,40.09434128,35.84905624,18.86792374,27.35848999,52.35848999,40.09661865
Switzerland,CHE,2003,96.82539368,92.43243408,94.9748764,96.75675964,98.50746155,95.02487183
Switzerland,CHE,2004,96.05911255,99.50248718,93.20388031,95.02487183,98.07691956,97.59615326
Switzerland,CHE,2005,97.07317352,96.07843018,90.77669525,93.13725281,98.08612061,97.11538696
Switzerland,CHE,2006,96.5853653,98.53658295,95.16908264,92.64705658,97.12918854,98.07691956
Switzerland,CHE,2007,96.60194397,99.02912903,94.20289612,95.14562988,97.60765839,98.07691956
Switzerland,CHE,2008,97.08737946,98.54368591,94.71154022,93.68932343,96.63461304,98.07691956
Switzerland,CHE,2009,97.12918854,98.08612061,94.78672791,94.25836945,95.73459625,99.52606964
Switzerland,CHE,2010,96.66666412,97.60765839,92.41706085,94.73683929,94.31279755,99.05213165
Switzerland,CHE,2011,95.73459625,97.63033295,94.31279755,94.78672791,93.89671326,98.59155273
Switzerland,CHE,2012,97.63033295,97.63033295,98.57820129,95.26066589,96.71361542,98.12206268
Switzerland,CHE,2013,97.63033295,98.10426331,98.10426331,94.31279755,96.244133,98.12206268
Switzerland,CHE,2014,98.07691956,99.5192337,98.09523773,96.15384674,98.07691956,99.01477814
Switzerland,CHE,2015,97.61904907,99.52381134,96.19047546,95.23809814,97.61904907,98.52217102
Switzerland,CHE,2016,95.7142868,99.52381134,94.2857132,98.09523773,98.09523773,97.53694916
Switzerland,CHE,2017,96.66666412,99.52381134,93.80952454,97.14286041,99.04762268,98.02955627
Switzerland,CHE,2018,96.66666412,99.04762268,94.81131744,97.14286041,99.04762268,99.02912903
Switzerland,CHE,2019,96.66666412,99.04762268,94.3396225,94.76190186,99.04762268,97.58454132
Switzerland,CHE,2020,97.14286041,99.04762268,91.50943756,93.80952454,97.61904907,98.55072784
Switzerland,CHE,2021,96.66666412,99.04762268,89.62264252,95.7142868,97.61904907,98.06763458
Switzerland,CHE,2022,97.16981506,99.52830505,92.45282745,94.3396225,97.64151001,99.03381348
Tajikistan,TJK,2003,8.465608597,10.81081104,18.09045219,15.1351347,16.41790962,15.92039776
Tajikistan,TJK,2004,7.38916254,14.42786026,12.13592243,13.43283558,12.98076916,14.42307663
Tajikistan,TJK,2005,12.19512177,11.27450943,10.67961121,12.74509811,14.35406685,11.05769253
Tajikistan,TJK,2006,16.09756088,13.65853691,11.11111069,13.72549057,10.52631569,9.134614944
Tajikistan,TJK,2007,15.04854393,13.5922327,22.22222137,13.5922327,8.133971214,10.57692337
Tajikistan,TJK,2008,9.223300934,13.10679626,18.26922989,16.5048542,8.17307663,10.09615421
Tajikistan,TJK,2009,6.698564529,12.44019127,16.11374474,14.83253574,8.056872368,10.42654037
Tajikistan,TJK,2010,4.761904716,18.66028786,15.63981056,18.18181801,9.952606201,8.530805588
Tajikistan,TJK,2011,7.109004974,17.53554535,16.587677,18.95734596,9.859154701,9.859154701
Tajikistan,TJK,2012,6.635071278,19.43128014,12.32227516,17.06161118,9.389671326,8.450704575
Tajikistan,TJK,2013,7.109004974,14.21800995,13.27014256,15.16587639,8.450704575,6.103286266
Tajikistan,TJK,2014,12.01923084,21.15384674,23.33333397,15.38461494,13.46153831,6.896551609
Tajikistan,TJK,2015,11.90476227,18.5714283,18.5714283,12.85714245,12.38095284,5.911330223
Tajikistan,TJK,2016,11.90476227,12.38095284,20,10.95238113,10.47619057,5.911330223
Tajikistan,TJK,2017,8.095237732,10.95238113,22.8571434,11.90476227,7.619047642,4.92610836
Tajikistan,TJK,2018,6.666666508,11.4285717,19.81132126,11.4285717,7.619047642,4.854369164
Tajikistan,TJK,2019,9.047618866,12.38095284,26.41509438,11.4285717,8.571428299,3.864734411
Tajikistan,TJK,2020,8.095237732,21.90476227,26.88679314,11.4285717,9.047618866,3.864734411
Tajikistan,TJK,2021,6.666666508,29.52380943,23.58490562,11.4285717,10.47619057,3.38164258
Tajikistan,TJK,2022,6.13207531,23.58490562,21.22641563,11.320755,10.84905624,3.864734411
Ukraine,UKR,2003,16.40211678,30.27026939,34.67336655,34.05405426,24.8756218,30.84577179
Ukraine,UKR,2004,16.25615692,30.34825897,29.61165047,42.28855896,24.51922989,28.36538506
Ukraine,UKR,2005,24.87804794,31.86274529,37.37863922,33.82352829,25.83732033,39.42307663
Ukraine,UKR,2006,24.87804794,36.5853653,43.47826004,33.82352829,24.88038254,47.59615326
Ukraine,UKR,2007,21.35922241,25.72815514,48.79227066,37.37863922,26.79425812,49.51922989
Ukraine,UKR,2008,19.90291214,22.81553459,45.67307663,33.98058319,27.40384674,50.48077011
Ukraine,UKR,2009,15.31100464,21.53110123,34.12322235,31.57894707,25.59241676,50.23696518
Ukraine,UKR,2010,16.19047546,23.92344475,45.49763107,35.40670013,23.69668198,45.0236969
Ukraine,UKR,2011,14.69194317,20.85308075,43.60189438,32.22748947,23.00469398,44.6009407
Ukraine,UKR,2012,12.32227516,32.70142365,41.7061615,31.27962112,24.41314507,40.37558746
Ukraine,UKR,2013,10.90047359,29.85782051,20.85308075,30.33175278,22.53521156,37.5586853
Ukraine,UKR,2014,14.42307663,39.90384674,5.714285851,31.25,20.67307663,43.34975433
Ukraine,UKR,2015,13.80952358,33.33333206,5.238095284,30,20,43.84236526
Ukraine,UKR,2016,19.04761887,31.4285717,6.666666508,38.57143021,20,47.78325272
Ukraine,UKR,2017,20.95238113,33.33333206,6.666666508,40.47618866,23.33333397,47.29064178
Ukraine,UKR,2018,17.61904716,37.1428566,5.660377502,43.33333206,23.80952454,43.68931961
Ukraine,UKR,2019,24.76190567,38.57143021,8.962264061,44.76190567,24.76190567,46.85990524
Ukraine,UKR,2020,22.8571434,37.61904907,12.26415062,42.38095093,25.23809433,51.6908226
Ukraine,UKR,2021,24.2857151,35.23809433,12.73584938,42.38095093,25.7142849,49.27536392
Ukraine,UKR,2022,29.24528313,33.01886749,5.660377502,40.56603622,18.86792374,45.89371872
United Kingdom,GBR,2003,95.23809814,91.89189148,54.27135849,95.13513184,94.02985382,90.5472641
United Kingdom,GBR,2004,94.58128357,94.02985382,49.51456451,96.51741028,93.2692337,95.19230652
United Kingdom,GBR,2005,94.63414764,95.09803772,50.48543549,96.5686264,91.86602783,92.30769348
United Kingdom,GBR,2006,92.68292999,93.17073059,66.18357849,99.50980377,95.69377899,94.2307663
United Kingdom,GBR,2007,92.71844482,92.71844482,66.18357849,99.02912903,93.30143738,92.78845978
United Kingdom,GBR,2008,92.23300934,93.20388031,61.05769348,97.57281494,93.2692337,92.30769348
United Kingdom,GBR,2009,91.86602783,90.90908813,48.3412323,94.73683929,94.31279755,91.94313049
United Kingdom,GBR,2010,92.38095093,92.82296753,60.1895752,97.60765839,95.73459625,91.94313049
United Kingdom,GBR,2011,92.41706085,93.3649292,58.76777267,95.26066589,92.48826599,92.01877594
United Kingdom,GBR,2012,92.89099884,93.3649292,59.71564102,94.78672791,94.8356781,92.48826599
United Kingdom,GBR,2013,93.3649292,90.99526215,63.03317642,96.20853424,93.89671326,92.48826599
United Kingdom,GBR,2014,93.2692337,92.78845978,59.52381134,97.11538696,94.71154022,90.14778137
United Kingdom,GBR,2015,93.80952454,94.2857132,61.42856979,98.57142639,93.80952454,92.1182251
United Kingdom,GBR,2016,94.2857132,92.38095093,58.09523773,95.23809814,92.38095093,93.10344696
United Kingdom,GBR,2017,95.23809814,90.47618866,60.47618866,94.2857132,92.85713959,93.59606171
United Kingdom,GBR,2018,94.76190186,88.57142639,50.47169876,95.7142868,91.90476227,93.20388031
United Kingdom,GBR,2019,93.33333588,90,62.26415253,93.80952454,91.90476227,91.78743744
United Kingdom,GBR,2020,94.2857132,88.57142639,61.320755,92.38095093,90,88.8888855
United Kingdom,GBR,2021,93.33333588,86.19047546,60.84905624,90.95237732,89.52381134,89.85507202
United Kingdom,GBR,2022,92.92453003,85.84906006,62.26415253,93.39622498,89.15093994,89.37197876
Uzbekistan,UZB,2003,18.51851845,9.189188957,12.06030178,7.02702713,9.950248718,2.98507452
Uzbekistan,UZB,2004,13.79310322,7.960198879,8.252427101,4.975124359,7.211538315,3.365384579
Uzbekistan,UZB,2005,9.756097794,9.8039217,3.883495092,5.392157078,5.263157845,1.923076868
Uzbekistan,UZB,2006,17.07317162,10.24390221,6.76328516,3.431372643,4.78468895,1.923076868
Uzbekistan,UZB,2007,15.53398037,12.62135887,10.14492798,4.854369164,9.569377899,1.442307711
Uzbekistan,UZB,2008,14.56310654,18.93203926,13.46153831,6.310679436,10.09615421,1.923076868
Uzbekistan,UZB,2009,5.263157845,31.57894707,18.48341179,6.220095634,6.635071278,1.421800971
Uzbekistan,UZB,2010,4.285714149,27.27272797,23.69668198,5.263157845,4.739336491,0.947867274
Uzbekistan,UZB,2011,2.843601942,27.48815155,28.4360199,3.791469097,3.286385059,1.408450723
Uzbekistan,UZB,2012,4.265402794,19.9052124,29.85782051,3.791469097,7.981220722,1.877934217
Uzbekistan,UZB,2013,8.056872368,19.43128014,27.01421738,2.843601942,9.859154701,2.347417831
Uzbekistan,UZB,2014,9.615385056,26.44230843,36.66666794,3.365384579,10.09615421,2.46305418
Uzbekistan,UZB,2015,8.571428299,23.33333397,33.33333206,2.857142925,10.95238113,2.46305418
Uzbekistan,UZB,2016,10.95238113,28.5714283,36.19047546,4.285714149,11.90476227,2.955665112
Uzbekistan,UZB,2017,11.90476227,30,37.61904907,8.571428299,10.95238113,3.448275805
Uzbekistan,UZB,2018,12.85714245,31.4285717,35.84905624,10,12.85714245,6.310679436
Uzbekistan,UZB,2019,15.23809528,31.4285717,34.90565872,11.90476227,13.33333302,6.280193329
Uzbekistan,UZB,2020,15.71428585,29.52380943,32.07546997,13.80952358,12.85714245,6.280193329
Uzbekistan,UZB,2021,22.38095284,40.47618866,37.73584747,31.90476227,18.5714283,12.56038666
Uzbekistan,UZB,2022,24.52830124,38.20754623,39.62264252,31.60377312,21.69811249,12.56038666
